id,nivel_id,trilha,categoria,skill,nivel_esperado,detalhes,ordem
1,1,Data Engineering,Entregas Principais,Implementa componentes individuais de produtos de dados sob orientação,,Implementa componentes individuais de produtos de dados sob orientação,
2,1,Data Engineering,Entregas Principais,Escreve queries SQL simples a médias e scripts Python básicos,,Escreve queries SQL simples a médias e scripts Python básicos,
3,1,Data Engineering,Entregas Principais,Contribui em partes de pipelines de dados existentes,,Contribui em partes de pipelines de dados existentes,
4,1,Data Engineering,SQL & Queries,"Proficiente em SELECT, JOIN, GROUP BY, HAVING, subqueries",,"Proficiente em SELECT, JOIN, GROUP BY, HAVING, subqueries",
5,1,Data Engineering,SQL & Queries,Entende diferença entre INNER/LEFT/RIGHT/FULL OUTER JOIN,,Entende diferença entre INNER/LEFT/RIGHT/FULL OUTER JOIN,
6,1,Data Engineering,SQL & Queries,Usa CTEs (Common Table Expressions) para organizar queries,,Usa CTEs (Common Table Expressions) para organizar queries,
7,1,Data Engineering,SQL & Queries,"Aplica funções de agregação (SUM, COUNT, AVG, MIN, MAX)",,"Aplica funções de agregação (SUM, COUNT, AVG, MIN, MAX)",
8,1,Data Engineering,SQL & Queries,Entende conceitos básicos de window functions,,Entende conceitos básicos de window functions,
9,1,Data Engineering,Python,Escreve scripts para manipulação de dados (pandas básico),,Escreve scripts para manipulação de dados (pandas básico),
10,1,Data Engineering,Python,Usa bibliotecas como requests para APIs,,Usa bibliotecas como requests para APIs,
11,1,Data Engineering,Python,"Entende list comprehensions, dictionaries, functions",,"Entende list comprehensions, dictionaries, functions",
12,1,Data Engineering,Python,Segue PEP 8 (guia de estilo Python),,Segue PEP 8 (guia de estilo Python),
13,1,Data Engineering,dbt (data build tool),"Entende estrutura de projeto dbt (models, tests, docs)",,"Entende estrutura de projeto dbt (models, tests, docs)",
14,1,Data Engineering,dbt (data build tool),Escreve models simples (.sql files),,Escreve models simples (.sql files),
15,1,Data Engineering,dbt (data build tool),"Adiciona testes de esquema (not_null, unique)",,"Adiciona testes de esquema (not_null, unique)",
16,1,Data Engineering,dbt (data build tool),Documenta models com descriptions,,Documenta models com descriptions,
17,1,Data Engineering,Pipelines & Orchestration,Entende conceito de DAGs (Directed Acyclic Graphs),,Entende conceito de DAGs (Directed Acyclic Graphs),
18,1,Data Engineering,Pipelines & Orchestration,Executa e monitora DAGs existentes no Airflow,,Executa e monitora DAGs existentes no Airflow,
19,1,Data Engineering,Pipelines & Orchestration,Identifica falhas básicas e reporta,,Identifica falhas básicas e reporta,
20,1,Data Engineering,Qualidade de Dados,Escreve testes de esquema básicos no dbt,,Escreve testes de esquema básicos no dbt,
21,1,Data Engineering,Qualidade de Dados,Valida outputs comparando com especificações,,Valida outputs comparando com especificações,
22,1,Data Engineering,Qualidade de Dados,Documenta processos e assumptions,,Documenta processos e assumptions,
23,1,Data Engineering,Boas Práticas,Segue guias de estilo e convenções do time,,Segue guias de estilo e convenções do time,
24,1,Data Engineering,Boas Práticas,Comenta código adequadamente,,Comenta código adequadamente,
25,1,Data Engineering,Boas Práticas,Mantém trilha de auditoria (trabalho replicável),,Mantém trilha de auditoria (trabalho replicável),
26,1,Data Engineering,Boas Práticas,Usa versionamento (git) efetivamente,,Usa versionamento (git) efetivamente,
27,2,Data Engineering,Entregas Principais,Implementa componentes completos de forma independente,,Implementa componentes completos de forma independente,
28,2,Data Engineering,Entregas Principais,Desenvolve pipelines end-to-end com testes,,Desenvolve pipelines end-to-end com testes,
29,2,Data Engineering,Entregas Principais,Automatiza processos repetitivos,,Automatiza processos repetitivos,
30,2,Data Engineering,SQL & Queries,Fluente,,**Fluente** em SQL: escreve queries complexas com múltiplos CTEs,
31,2,Data Engineering,SQL & Queries,"Domina window functions (ROW_NUMBER, RANK, LAG, LEAD)",,"Domina window functions (ROW_NUMBER, RANK, LAG, LEAD)",
32,2,Data Engineering,SQL & Queries,"Usa QUALIFY, PIVOT/UNPIVOT quando apropriado",,"Usa QUALIFY, PIVOT/UNPIVOT quando apropriado",
33,2,Data Engineering,SQL & Queries,Otimiza queries para performance (analisa query plans),,Otimiza queries para performance (analisa query plans),
34,2,Data Engineering,SQL & Queries,Entende particionamento e clustering,,Entende particionamento e clustering,
35,2,Data Engineering,Python,Proficiente em pandas para ETL,,Proficiente em pandas para ETL,
36,2,Data Engineering,Python,"Escreve código modular e testável (functions, classes)",,"Escreve código modular e testável (functions, classes)",
37,2,Data Engineering,Python,Usa type hints e docstrings,,Usa type hints e docstrings,
38,2,Data Engineering,Python,"Trabalha com APIs (requests, autenticação)",,"Trabalha com APIs (requests, autenticação)",
39,2,Data Engineering,Python,Entende async/await para operações I/O,,Entende async/await para operações I/O,
40,2,Data Engineering,dbt,Cria models complexos com macros e Jinja,,Cria models complexos com macros e Jinja,
41,2,Data Engineering,dbt,Implementa testes de dados customizados,,Implementa testes de dados customizados,
42,2,Data Engineering,dbt,"Usa pacotes dbt (dbt_utils, dbt_expectations)",,"Usa pacotes dbt (dbt_utils, dbt_expectations)",
43,2,Data Engineering,dbt,"Configura materializations (table, view, incremental)",,"Configura materializations (table, view, incremental)",
44,2,Data Engineering,dbt,Documenta com docs blocks e schema.yml,,Documenta com docs blocks e schema.yml,
45,2,Data Engineering,Pipelines & Orchestration,Cria DAGs no Airflow com operators apropriados,,Cria DAGs no Airflow com operators apropriados,
46,2,Data Engineering,Pipelines & Orchestration,"Implementa retries, timeouts e alertas",,"Implementa retries, timeouts e alertas",
47,2,Data Engineering,Pipelines & Orchestration,Usa XComs para passar dados entre tasks,,Usa XComs para passar dados entre tasks,
48,2,Data Engineering,Pipelines & Orchestration,Entende dependency management,,Entende dependency management,
49,2,Data Engineering,Modelagem de Dados,Aplica normalização vs denormalização,,Aplica normalização vs denormalização,
50,2,Data Engineering,Modelagem de Dados,Cria fact e dimension tables (Kimball básico),,Cria fact e dimension tables (Kimball básico),
51,2,Data Engineering,Modelagem de Dados,"Entende slowly changing dimensions (SCD Type 1, 2)",,"Entende slowly changing dimensions (SCD Type 1, 2)",
52,2,Data Engineering,Modelagem de Dados,Modela dados para analytics (star schema),,Modela dados para analytics (star schema),
53,2,Data Engineering,Qualidade de Dados,Implementa testes de integridade (referential integrity),,Implementa testes de integridade (referential integrity),
54,2,Data Engineering,Qualidade de Dados,Cria alertas proativos para anomalias,,Cria alertas proativos para anomalias,
55,2,Data Engineering,Qualidade de Dados,Monitora freshness de dados,,Monitora freshness de dados,
56,2,Data Engineering,Qualidade de Dados,Documenta data quality checks,,Documenta data quality checks,
57,2,Data Engineering,Performance & Otimização,Otimiza queries analisando execution plans,,Otimiza queries analisando execution plans,
58,2,Data Engineering,Performance & Otimização,Usa particionamento e clustering efetivamente,,Usa particionamento e clustering efetivamente,
59,2,Data Engineering,Performance & Otimização,Entende custos de queries no BigQuery,,Entende custos de queries no BigQuery,
60,2,Data Engineering,Performance & Otimização,Implementa caching quando apropriado,,Implementa caching quando apropriado,
61,3,Data Engineering,Entregas Principais,Desenha e implementa sistemas de dados completos,,Desenha e implementa sistemas de dados completos,
62,3,Data Engineering,Entregas Principais,Define arquitetura de pipelines e modelos,,Define arquitetura de pipelines e modelos,
63,3,Data Engineering,Entregas Principais,Lidera tecnicamente projetos de dados complexos,,Lidera tecnicamente projetos de dados complexos,
64,3,Data Engineering,SQL & Queries,Expert,,"**Expert** em SQL: otimização avançada, window functions complexas",
65,3,Data Engineering,SQL & Queries,Resolve problemas de performance de queries,,Resolve problemas de performance de queries,
66,3,Data Engineering,SQL & Queries,"Usa SQL procedural (stored procedures, user-defined functions)",,"Usa SQL procedural (stored procedures, user-defined functions)",
67,3,Data Engineering,SQL & Queries,Entende profundamente query execution e planos,,Entende profundamente query execution e planos,
68,3,Data Engineering,Python,Escreve código production-ready com testes abrangentes,,Escreve código production-ready com testes abrangentes,
69,3,Data Engineering,Python,Usa design patterns apropriados,,Usa design patterns apropriados,
70,3,Data Engineering,Python,Implementa logging e monitoring,,Implementa logging e monitoring,
71,3,Data Engineering,Python,"Trabalha com frameworks (FastAPI, Flask para APIs)",,"Trabalha com frameworks (FastAPI, Flask para APIs)",
72,3,Data Engineering,Python,Otimiza código para performance (profiling),,Otimiza código para performance (profiling),
73,3,Data Engineering,dbt,Arquiteta estrutura de projetos dbt complexos,,Arquiteta estrutura de projetos dbt complexos,
74,3,Data Engineering,dbt,Cria macros reutilizáveis e packages internos,,Cria macros reutilizáveis e packages internos,
75,3,Data Engineering,dbt,Implementa estratégias avançadas de incremental models,,Implementa estratégias avançadas de incremental models,
76,3,Data Engineering,dbt,Otimiza builds dbt para performance,,Otimiza builds dbt para performance,
77,3,Data Engineering,dbt,Define padrões de modelagem para o time,,Define padrões de modelagem para o time,
78,3,Data Engineering,Modelagem de Dados Avançada,Kimball,,"**Kimball**: fact tables, dimension tables, conformed dimensions",
79,3,Data Engineering,Modelagem de Dados Avançada,Data Vault,,"**Data Vault**: hubs, links, satellites",
80,3,Data Engineering,Modelagem de Dados Avançada,Abordagens orientadas a domínio,,**Abordagens orientadas a domínio**: bounded contexts,
81,3,Data Engineering,Modelagem de Dados Avançada,Escolhe abordagem apropriada para caso de uso,,Escolhe abordagem apropriada para caso de uso,
82,3,Data Engineering,Modelagem de Dados Avançada,Desenha data contracts entre serviços,,Desenha data contracts entre serviços,
83,3,Data Engineering,Pipelines & Orchestration,Arquiteta pipelines complexos com múltiplas dependências,,Arquiteta pipelines complexos com múltiplas dependências,
84,3,Data Engineering,Pipelines & Orchestration,"Implementa patterns de resiliência (idempotência, retries exponenciais)",,"Implementa patterns de resiliência (idempotência, retries exponenciais)",
85,3,Data Engineering,Pipelines & Orchestration,Otimiza paralelização de tasks,,Otimiza paralelização de tasks,
86,3,Data Engineering,Pipelines & Orchestration,Implementa monitoring e alerting robusto,,Implementa monitoring e alerting robusto,
87,3,Data Engineering,Pipelines & Orchestration,Usa sensors e hooks avançados no Airflow,,Usa sensors e hooks avançados no Airflow,
88,3,Data Engineering,Qualidade & Observabilidade,Implementa framework de testes de dados comprehensivo,,Implementa framework de testes de dados comprehensivo,
89,3,Data Engineering,Qualidade & Observabilidade,"Configura data lineage (OpenLineage, Monte Carlo)",,"Configura **data lineage** (OpenLineage, Monte Carlo)",
90,3,Data Engineering,Qualidade & Observabilidade,"Implementa data observability (freshness, volume, schema)",,"Implementa **data observability** (freshness, volume, schema)",
91,3,Data Engineering,Qualidade & Observabilidade,Define SLOs para pipelines críticos,,Define SLOs para pipelines críticos,
92,3,Data Engineering,Qualidade & Observabilidade,Cria dashboards de monitoring de pipelines,,Cria dashboards de monitoring de pipelines,
93,3,Data Engineering,Infrastructure as Code,"Usa Terraform para provisionar recursos (BigQuery datasets, tables, views)",,"Usa Terraform para provisionar recursos (BigQuery datasets, tables, views)",
94,3,Data Engineering,Infrastructure as Code,Implementa CI/CD para pipelines de dados,,Implementa CI/CD para pipelines de dados,
95,3,Data Engineering,Infrastructure as Code,"Configura ambientes (dev, staging, prod)",,"Configura ambientes (dev, staging, prod)",
96,3,Data Engineering,Infrastructure as Code,Automatiza deployments via GitHub Actions,,Automatiza deployments via GitHub Actions,
97,3,Data Engineering,Performance & Otimização,Otimiza custo de queries e storage,,Otimiza **custo** de queries e storage,
98,3,Data Engineering,Performance & Otimização,Implementa estratégias de particionamento e clustering avançadas,,Implementa estratégias de particionamento e clustering avançadas,
99,3,Data Engineering,Performance & Otimização,Usa materialized views quando apropriado,,Usa materialized views quando apropriado,
100,3,Data Engineering,Performance & Otimização,Profila pipelines para identificar bottlenecks,,Profila pipelines para identificar bottlenecks,
101,3,Data Engineering,Performance & Otimização,"Implementa caching strategies (Redis, Memcached)",,"Implementa caching strategies (Redis, Memcached)",
102,3,Data Engineering,Segurança & Governança,Implementa column-level security,,Implementa column-level security,
103,3,Data Engineering,Segurança & Governança,Configura roles e permissions (least privilege),,Configura roles e permissions (least privilege),
104,3,Data Engineering,Segurança & Governança,"Garante compliance (LGPD, GDPR)",,"Garante compliance (LGPD, GDPR)",
105,3,Data Engineering,Segurança & Governança,Implementa data masking para dados sensíveis,,Implementa data masking para dados sensíveis,
106,3,Data Engineering,Segurança & Governança,Documenta data catalog e metadata,,Documenta data catalog e metadata,
107,4,Data Engineering,Entregas Principais (SE III+),Define arquitetura de dados de longo prazo para a área,,Define arquitetura de dados de longo prazo para a área,
108,4,Data Engineering,Entregas Principais (SE III+),Resolve problemas técnicos mais complexos da organização,,Resolve problemas técnicos mais complexos da organização,
109,4,Data Engineering,Entregas Principais (SE III+),Cria frameworks e patterns reutilizáveis,,Cria frameworks e patterns reutilizáveis,
110,4,Data Engineering,Arquitetura de Dados,Desenha arquitetura de dados escalável para múltiplos domínios,,Desenha **arquitetura de dados** escalável para múltiplos domínios,
111,4,Data Engineering,Arquitetura de Dados,Define data mesh vs data lake vs data warehouse strategies,,Define **data mesh** vs **data lake** vs **data warehouse** strategies,
112,4,Data Engineering,Arquitetura de Dados,"Implementa data lakehouse patterns (Delta Lake, Iceberg)",,"Implementa **data lakehouse** patterns (Delta Lake, Iceberg)",
113,4,Data Engineering,Arquitetura de Dados,Arquiteta para multi-tenancy e isolation,,Arquiteta para **multi-tenancy** e **isolation**,
114,4,Data Engineering,Arquitetura de Dados,Define estratégias de data retention e archiving,,Define estratégias de **data retention** e **archiving**,
115,4,Data Engineering,Plataforma de Dados,Desenha abstrações e interfaces que permitem self-service,,Desenha abstrações e interfaces que permitem self-service,
116,4,Data Engineering,Plataforma de Dados,Cria frameworks internos (ex,,"Cria frameworks internos (ex: dbt packages, Airflow operators customizados)",
117,4,Data Engineering,Plataforma de Dados,Implementa data platform APIs,,Implementa **data platform APIs**,
118,4,Data Engineering,Plataforma de Dados,Define data contracts e governance,,Define **data contracts** e governance,
119,4,Data Engineering,Plataforma de Dados,Estabelece data quality framework organizacional,,Estabelece **data quality framework** organizacional,
120,4,Data Engineering,Performance em Escala,Otimiza para escala (TB → PB de dados),,Otimiza para **escala** (TB → PB de dados),
121,4,Data Engineering,Performance em Escala,"Implementa streaming (Kafka, Pub/Sub) quando apropriado",,"Implementa **streaming** (Kafka, Pub/Sub) quando apropriado",
122,4,Data Engineering,Performance em Escala,Desenha para real-time vs batch appropriadamente,,Desenha para **real-time** vs **batch** appropriadamente,
123,4,Data Engineering,Performance em Escala,"Otimiza custos em escala (query optimization, storage tiering)",,"Otimiza custos em escala (query optimization, storage tiering)",
124,4,Data Engineering,Expertise Profunda,Expert em pelo menos um domínio (ex,,"Expert em pelo menos um domínio (ex: streaming, ML pipelines, data lakehouse)",
125,4,Data Engineering,Expertise Profunda,Referência técnica para Data Engineers do time,,Referência técnica para Data Engineers do time,
126,4,Data Engineering,Expertise Profunda,"Contribui para comunidade (blog posts, talks, open source)",,"Contribui para comunidade (blog posts, talks, open source)",
127,5,Data Engineering,Entregas Principais (Lead+),Define estratégia técnica de dados multi-ano,,Define estratégia técnica de dados multi-ano,
128,5,Data Engineering,Entregas Principais (Lead+),Influencia arquitetura de dados de múltiplos times,,Influencia arquitetura de dados de múltiplos times,
129,5,Data Engineering,Entregas Principais (Lead+),Cria capacidades técnicas que impactam toda organização,,Cria capacidades técnicas que impactam toda organização,
130,5,Data Engineering,Estratégia de Dados,Define visão de plataforma de dados de 2-3 anos,,Define **visão de plataforma de dados** de 2-3 anos,
131,5,Data Engineering,Estratégia de Dados,Avalia e promove adoção de novas tecnologias (ex,,"Avalia e promove adoção de novas tecnologias (ex: dbt Cloud, Fivetran vs custom)",
132,5,Data Engineering,Estratégia de Dados,Define estratégia de build vs buy para componentes de plataforma,,Define estratégia de **build vs buy** para componentes de plataforma,
133,5,Data Engineering,Estratégia de Dados,Alinha estratégia técnica com objetivos de negócio,,Alinha estratégia técnica com objetivos de negócio,
134,5,Data Engineering,Arquitetura Organizacional,Desenha data architecture que serve múltiplos times,,Desenha **data architecture** que serve múltiplos times,
135,5,Data Engineering,Arquitetura Organizacional,Define standards e best practices organizacionais,,Define **standards e best practices** organizacionais,
136,5,Data Engineering,Arquitetura Organizacional,Cria governance model escalável,,Cria **governance model** escalável,
137,5,Data Engineering,Arquitetura Organizacional,Implementa federated data platform (data mesh principles),,Implementa **federated data platform** (data mesh principles),
138,5,Data Engineering,Liderança Técnica,Eleva capacidade técnica de múltiplos times,,Eleva capacidade técnica de múltiplos times,
139,5,Data Engineering,Liderança Técnica,Mentora Lead e Senior Engineers,,Mentora Lead e Senior Engineers,
140,5,Data Engineering,Liderança Técnica,Conduz RFCs (Request for Comments) técnicos significativos,,Conduz **RFCs** (Request for Comments) técnicos significativos,
141,5,Data Engineering,Liderança Técnica,Representa Data Engineering em decisões arquiteturais company-wide,,Representa Data Engineering em decisões arquiteturais company-wide,
142,1,Analytics Engineering,Entregas Principais,Cria modelos dbt básicos com orientação,,Cria modelos dbt básicos com orientação,
143,1,Analytics Engineering,Entregas Principais,Documenta modelos e métricas,,Documenta modelos e métricas,
144,1,Analytics Engineering,Entregas Principais,Contribui em projetos analíticos existentes,,Contribui em projetos analíticos existentes,
145,1,Analytics Engineering,SQL,"Proficiente em SELECT, JOIN, WHERE, GROUP BY",,"Proficiente em SELECT, JOIN, WHERE, GROUP BY",
146,1,Analytics Engineering,SQL,Usa CTEs (Common Table Expressions),,Usa CTEs (Common Table Expressions),
147,1,Analytics Engineering,SQL,"Entende agregações básicas (SUM, COUNT, AVG)",,"Entende agregações básicas (SUM, COUNT, AVG)",
148,1,Analytics Engineering,SQL,Aplica filtros e ordenação,,Aplica filtros e ordenação,
149,1,Analytics Engineering,SQL,Compreende diferença entre tipos de JOIN,,Compreende diferença entre tipos de JOIN,
150,1,Analytics Engineering,dbt Fundamentals,"Entende estrutura de projeto dbt (models, tests, docs, seeds)",,"Entende estrutura de projeto dbt (models, tests, docs, seeds)",
151,1,Analytics Engineering,dbt Fundamentals,Escreve models básicos (.sql files em staging e marts),,Escreve **models básicos** (.sql files em staging e marts),
152,1,Analytics Engineering,dbt Fundamentals,"Adiciona testes de esquema (not_null, unique, accepted_values)",,"Adiciona **testes de esquema** (not_null, unique, accepted_values)",
153,1,Analytics Engineering,dbt Fundamentals,Documenta models com descriptions no schema.yml,,Documenta models com **descriptions** no schema.yml,
154,1,Analytics Engineering,dbt Fundamentals,"Executa `dbt run`, `dbt test`, `dbt docs generate`",,"Executa `dbt run`, `dbt test`, `dbt docs generate`",
155,1,Analytics Engineering,dbt Fundamentals,"Entende materializations básicas (table, view)",,"Entende **materializations** básicas (table, view)",
156,1,Analytics Engineering,Modelagem Dimensional Básica,Entende conceitos de fact vs dimension tables,,Entende conceitos de **fact** vs **dimension** tables,
157,1,Analytics Engineering,Modelagem Dimensional Básica,Identifica métricas (measures) vs atributos (dimensions),,Identifica métricas (measures) vs atributos (dimensions),
158,1,Analytics Engineering,Modelagem Dimensional Básica,Reconhece relacionamentos 1,,Reconhece relacionamentos 1:N,
159,1,Analytics Engineering,BI & Visualização,Consome modelos dbt em ferramentas de BI,,Consome modelos dbt em ferramentas de BI,
160,1,Analytics Engineering,BI & Visualização,Cria dashboards simples com orientação,,Cria dashboards simples com orientação,
161,1,Analytics Engineering,BI & Visualização,"Entende conceitos básicos de visualização (gráficos de barra, linha, pizza)",,"Entende conceitos básicos de visualização (gráficos de barra, linha, pizza)",
162,1,Analytics Engineering,Boas Práticas,"Segue convenções de nomenclatura do time (stg_, int_, fct_, dim_)",,"Segue convenções de nomenclatura do time (stg_, int_, fct_, dim_)",
163,1,Analytics Engineering,Boas Práticas,Comenta SQL quando necessário,,Comenta SQL quando necessário,
164,1,Analytics Engineering,Boas Práticas,Usa versionamento (git) efetivamente,,Usa versionamento (git) efetivamente,
165,1,Analytics Engineering,Boas Práticas,Documenta assumptions e business logic,,Documenta assumptions e business logic,
166,2,Analytics Engineering,Entregas Principais,Desenvolve modelos dbt end-to-end independentemente,,Desenvolve modelos dbt end-to-end independentemente,
167,2,Analytics Engineering,Entregas Principais,Define métricas de negócio,,Define métricas de negócio,
168,2,Analytics Engineering,Entregas Principais,Colabora com stakeholders para entender requisitos analíticos,,Colabora com stakeholders para entender requisitos analíticos,
169,2,Analytics Engineering,SQL,Fluente,,**Fluente** em SQL: queries complexas com múltiplos CTEs,
170,2,Analytics Engineering,SQL,"Domina window functions (ROW_NUMBER, RANK, LAG, LEAD)",,"Domina **window functions** (ROW_NUMBER, RANK, LAG, LEAD)",
171,2,Analytics Engineering,SQL,"Usa QUALIFY, PIVOT/UNPIVOT",,"Usa **QUALIFY**, **PIVOT/UNPIVOT**",
172,2,Analytics Engineering,SQL,Otimiza queries para performance,,Otimiza queries para performance,
173,2,Analytics Engineering,SQL,Trabalha com recursive CTEs quando apropriado,,Trabalha com **recursive CTEs** quando apropriado,
174,2,Analytics Engineering,dbt Intermediário,Cria models com Jinja e macros,,Cria models com **Jinja** e **macros**,
175,2,Analytics Engineering,dbt Intermediário,Implementa incremental models eficientemente,,Implementa **incremental models** eficientemente,
176,2,Analytics Engineering,dbt Intermediário,Usa ref() e source() corretamente,,Usa **ref()** e **source()** corretamente,
177,2,Analytics Engineering,dbt Intermediário,Configura materializations apropriadas para cada caso,,Configura **materializations** apropriadas para cada caso,
178,2,Analytics Engineering,dbt Intermediário,Implementa exposures para ligar models a dashboards,,Implementa **exposures** para ligar models a dashboards,
179,2,Analytics Engineering,dbt Intermediário,"Usa pacotes dbt (dbt_utils, dbt_expectations)",,"Usa pacotes dbt (**dbt_utils**, **dbt_expectations**)",
180,2,Analytics Engineering,dbt Intermediário,Cria generic tests customizados,,Cria **generic tests** customizados,
181,2,Analytics Engineering,dbt Intermediário,Configura tags e selectors para runs eficientes,,Configura **tags** e **selectors** para runs eficientes,
182,2,Analytics Engineering,Modelagem Dimensional,Aplica Star Schema (fact + dimensions),,Aplica **Star Schema** (fact + dimensions),
183,2,Analytics Engineering,Modelagem Dimensional,"Cria slowly changing dimensions (SCD Type 1, 2)",,"Cria **slowly changing dimensions** (SCD Type 1, 2)",
184,2,Analytics Engineering,Modelagem Dimensional,Implementa conformed dimensions,,Implementa **conformed dimensions**,
185,2,Analytics Engineering,Modelagem Dimensional,"Modela fact tables (transaction, snapshot, accumulating)",,"Modela **fact tables** (transaction, snapshot, accumulating)",
186,2,Analytics Engineering,Modelagem Dimensional,Entende grain de tabelas e garante consistência,,Entende **grain** de tabelas e garante consistência,
187,2,Analytics Engineering,Modelagem Dimensional,Cria bridge tables para relacionamentos M,,Cria **bridge tables** para relacionamentos M:N,
188,2,Analytics Engineering,Métricas & Business Logic,Define métricas de negócio claras (ex,,"Define **métricas de negócio** claras (ex: MRR, churn rate, CAC)",
189,2,Analytics Engineering,Métricas & Business Logic,"Implementa calculated metrics (ratios, percentages)",,"Implementa **calculated metrics** (ratios, percentages)",
190,2,Analytics Engineering,Métricas & Business Logic,Documenta business logic e assumptions,,Documenta **business logic** e assumptions,
191,2,Analytics Engineering,Métricas & Business Logic,Valida métricas com stakeholders,,Valida métricas com stakeholders,
192,2,Analytics Engineering,dbt Testing & Quality,Implementa testes comprehensivos,,Implementa testes comprehensivos:,
193,2,Analytics Engineering,dbt Testing & Quality,Cria testes para business rules específicas,,Cria testes para **business rules** específicas,
194,2,Analytics Engineering,dbt Testing & Quality,Monitora test failures e investiga causas,,Monitora **test failures** e investiga causas,
195,2,Analytics Engineering,Performance & Otimização,Otimiza models para tempo de build,,Otimiza models para **tempo de build**,
196,2,Analytics Engineering,Performance & Otimização,Usa incremental models quando apropriado,,Usa **incremental models** quando apropriado,
197,2,Analytics Engineering,Performance & Otimização,Configura partition_by e cluster_by,,Configura **partition_by** e **cluster_by**,
198,2,Analytics Engineering,Performance & Otimização,Analisa query execution plans,,Analisa query execution plans,
199,2,Analytics Engineering,Performance & Otimização,Reduz custos de queries,,Reduz custos de queries,
200,3,Analytics Engineering,Entregas Principais,Arquiteta projetos dbt complexos,,Arquiteta projetos dbt complexos,
201,3,Analytics Engineering,Entregas Principais,Define padrões de modelagem para o time,,Define padrões de modelagem para o time,
202,3,Analytics Engineering,Entregas Principais,Lidera tecnicamente projetos analíticos estratégicos,,Lidera tecnicamente projetos analíticos estratégicos,
203,3,Analytics Engineering,SQL,Expert,,"**Expert** em SQL: otimização avançada, window functions complexas",
204,3,Analytics Engineering,SQL,Resolve problemas complexos de modelagem,,Resolve problemas complexos de modelagem,
205,3,Analytics Engineering,SQL,Usa SQL procedural quando necessário,,Usa SQL procedural quando necessário,
206,3,Analytics Engineering,SQL,Entende profundamente query optimization,,Entende profundamente query optimization,
207,3,Analytics Engineering,dbt Avançado,Arquiteta estrutura,,**Arquiteta estrutura** de projetos dbt escaláveis,
208,3,Analytics Engineering,dbt Avançado,Cria macros reutilizáveis e packages internos,,Cria **macros reutilizáveis** e **packages internos**,
209,3,Analytics Engineering,dbt Avançado,"Implementa hooks (pre-hook, post-hook, on-run-start, on-run-end)",,"Implementa **hooks** (pre-hook, post-hook, on-run-start, on-run-end)",
210,3,Analytics Engineering,dbt Avançado,Usa vars e env_vars para configuração,,Usa **vars** e **env_vars** para configuração,
211,3,Analytics Engineering,dbt Avançado,Implementa dbt metrics (metrics.yml),,Implementa **dbt metrics** (metrics.yml),
212,3,Analytics Engineering,dbt Avançado,Configura CI/CD para dbt (Slim CI),,Configura **CI/CD** para dbt (Slim CI),
213,3,Analytics Engineering,dbt Avançado,"Otimiza dbt builds para performance (selectors, defer)",,"Otimiza **dbt builds** para performance (selectors, defer)",
214,3,Analytics Engineering,Modelagem Dimensional Avançada,Kimball Methodology,,**Kimball Methodology** completa:,
215,3,Analytics Engineering,Modelagem Dimensional Avançada,Data Vault,,**Data Vault** (quando apropriado):,
216,3,Analytics Engineering,Modelagem Dimensional Avançada,One Big Table (OBT),,**One Big Table (OBT)** vs **Normalized** - escolhe apropriadamente,
217,3,Analytics Engineering,Modelagem Dimensional Avançada,Define data contracts com consumidores,,Define **data contracts** com consumidores,
218,3,Analytics Engineering,Métricas & Semantic Layer,Implementa metrics layer (dbt Metrics ou Lightdash),,Implementa **metrics layer** (dbt Metrics ou Lightdash),
219,3,Analytics Engineering,Métricas & Semantic Layer,Define metric trees (como métricas se relacionam),,Define **metric trees** (como métricas se relacionam),
220,3,Analytics Engineering,Métricas & Semantic Layer,Cria KPI frameworks organizacionais,,Cria **KPI frameworks** organizacionais,
221,3,Analytics Engineering,Métricas & Semantic Layer,Implementa metric definitions consistentes,,Implementa **metric definitions** consistentes,
222,3,Analytics Engineering,Métricas & Semantic Layer,Documenta metric calculation logic claramente,,Documenta **metric calculation logic** claramente,
223,3,Analytics Engineering,Data Quality & Observability,Implementa framework de data quality robusto,,Implementa framework de **data quality** robusto:,
224,3,Analytics Engineering,Data Quality & Observability,Configura dbt exposures para rastrear dependências,,Configura **dbt exposures** para rastrear dependências,
225,3,Analytics Engineering,Data Quality & Observability,Implementa data lineage (dbt docs + ferramentas),,Implementa **data lineage** (dbt docs + ferramentas),
226,3,Analytics Engineering,Data Quality & Observability,Cria dashboards de monitoring de data quality,,Cria **dashboards de monitoring** de data quality,
227,3,Analytics Engineering,Governance & Documentation,Define naming conventions e style guides,,Define **naming conventions** e **style guides**,
228,3,Analytics Engineering,Governance & Documentation,Implementa data catalog (dbt docs + tags + meta),,Implementa **data catalog** (dbt docs + tags + meta),
229,3,Analytics Engineering,Governance & Documentation,Documenta data dictionary comprehensive,,Documenta **data dictionary** comprehensive,
230,3,Analytics Engineering,Governance & Documentation,Cria ERDs (Entity Relationship Diagrams),,Cria **ERDs** (Entity Relationship Diagrams),
231,3,Analytics Engineering,Governance & Documentation,"Implementa data classification (PII, sensitive, public)",,"Implementa **data classification** (PII, sensitive, public)",
232,3,Analytics Engineering,BI & Self-Service Analytics,"Desenha semantic models em BI tools (Looker LookML, Tableau)",,"Desenha **semantic models** em BI tools (Looker LookML, Tableau)",
233,3,Analytics Engineering,BI & Self-Service Analytics,Habilita self-service analytics através de bons modelos,,Habilita **self-service analytics** através de bons modelos,
234,3,Analytics Engineering,BI & Self-Service Analytics,Cria reusable dashboards e templates,,Cria **reusable dashboards** e **templates**,
235,3,Analytics Engineering,BI & Self-Service Analytics,Treina usuários de negócio em ferramentas de BI,,Treina usuários de negócio em ferramentas de BI,
236,4,Analytics Engineering,Entregas Principais (SE III+),Define arquitetura analítica de longo prazo,,Define arquitetura analítica de longo prazo,
237,4,Analytics Engineering,Entregas Principais (SE III+),Cria frameworks e padrões organizacionais,,Cria frameworks e padrões organizacionais,
238,4,Analytics Engineering,Entregas Principais (SE III+),Resolve problemas técnicos mais complexos,,Resolve problemas técnicos mais complexos,
239,4,Analytics Engineering,Arquitetura Analítica,Desenha analytics architecture escalável,,Desenha **analytics architecture** escalável,
240,4,Analytics Engineering,Arquitetura Analítica,Implementa metrics store organizacional,,Implementa **metrics store** organizacional,
241,4,Analytics Engineering,Arquitetura Analítica,Define estratégia de self-service analytics,,Define estratégia de **self-service analytics**,
242,4,Analytics Engineering,Arquitetura Analítica,Cria data products reutilizáveis,,Cria **data products** reutilizáveis,
243,4,Analytics Engineering,Platform & Standards,Cria dbt packages internos reutilizáveis,,Cria **dbt packages internos** reutilizáveis,
244,4,Analytics Engineering,Platform & Standards,Define analytics engineering best practices,,Define **analytics engineering best practices**,
245,4,Analytics Engineering,Platform & Standards,Implementa dbt style guide e linters,,Implementa **dbt style guide** e linters,
246,4,Analytics Engineering,Platform & Standards,Estabelece code review standards,,Estabelece **code review standards**,
247,4,Analytics Engineering,Platform & Standards,Cria templates e generators (ex,,Cria **templates** e **generators** (ex: Jinja macros avançados),
248,4,Analytics Engineering,Performance & Scale,"Otimiza para scale (100s de models, TBs de dados)",,"Otimiza para **scale** (100s de models, TBs de dados)",
249,4,Analytics Engineering,Performance & Scale,Implementa caching strategies,,Implementa **caching strategies**,
250,4,Analytics Engineering,Performance & Scale,"Otimiza dbt build times (parallelização, selectors)",,"Otimiza **dbt build times** (parallelização, selectors)",
251,4,Analytics Engineering,Performance & Scale,Reduz custos de queries em escala,,Reduz custos de queries em escala,
252,4,Analytics Engineering,Expertise Profunda,"Expert em modelagem dimensional (Kimball, Data Vault)",,"Expert em modelagem dimensional (Kimball, Data Vault)",
253,4,Analytics Engineering,Expertise Profunda,"Referência em dbt avançado (macros, packages, performance)",,"Referência em dbt avançado (macros, packages, performance)",
254,4,Analytics Engineering,Expertise Profunda,"Contribui para comunidade (blog posts, dbt packages open source)",,"Contribui para comunidade (blog posts, dbt packages open source)",
255,5,Analytics Engineering,Entregas Principais (Lead+),Define estratégia de analytics engineering multi-ano,,Define estratégia de analytics engineering multi-ano,
256,5,Analytics Engineering,Entregas Principais (Lead+),Influencia práticas de múltiplos times,,Influencia práticas de múltiplos times,
257,5,Analytics Engineering,Entregas Principais (Lead+),Cria capacidades que impactam toda organização,,Cria capacidades que impactam toda organização,
258,5,Analytics Engineering,Estratégia de Analytics,Define visão de analytics platform de 2-3 anos,,Define **visão de analytics platform** de 2-3 anos,
259,5,Analytics Engineering,Estratégia de Analytics,"Avalia e promove adoção de ferramentas (dbt Cloud, Lightdash, etc.)",,"Avalia e promove adoção de ferramentas (dbt Cloud, Lightdash, etc.)",
260,5,Analytics Engineering,Estratégia de Analytics,Define semantic layer strategy,,Define **semantic layer strategy**,
261,5,Analytics Engineering,Estratégia de Analytics,Alinha estratégia analítica com objetivos de negócio,,Alinha estratégia analítica com objetivos de negócio,
262,5,Analytics Engineering,Organizational Impact,Estabelece analytics engineering function na organização,,Estabelece **analytics engineering function** na organização,
263,5,Analytics Engineering,Organizational Impact,Define career paths para analytics engineers,,Define **career paths** para analytics engineers,
264,5,Analytics Engineering,Organizational Impact,Cria training programs e onboarding,,Cria **training programs** e **onboarding**,
265,5,Analytics Engineering,Organizational Impact,Eleva capacidade técnica de múltiplos times,,Eleva capacidade técnica de múltiplos times,
266,5,Analytics Engineering,Governance em Escala,Implementa metrics governance organizacional,,Implementa **metrics governance** organizacional,
267,5,Analytics Engineering,Governance em Escala,Define data contracts entre teams,,Define **data contracts** entre teams,
268,5,Analytics Engineering,Governance em Escala,Cria data quality SLOs company-wide,,Cria **data quality SLOs** company-wide,
269,5,Analytics Engineering,Governance em Escala,Estabelece standards que escalam,,Estabelece **standards** que escalam,
270,1,Cientista de Dados,Entregas Principais,Implementa componentes de projetos de ML/IA sob orientação,,Implementa componentes de projetos de ML/IA sob orientação,
271,1,Cientista de Dados,Entregas Principais,Realiza análises exploratórias e estatísticas básicas,,Realiza análises exploratórias e estatísticas básicas,
272,1,Cientista de Dados,Entregas Principais,Contribui em projetos de experimentação,,Contribui em projetos de experimentação,
273,1,Cientista de Dados,Python & Libraries,"Proficiente em Python (pandas, NumPy, matplotlib)",,"Proficiente em Python (pandas, NumPy, matplotlib)",
274,1,Cientista de Dados,Python & Libraries,"Manipula dataframes (filter, groupby, merge, pivot)",,"Manipula dataframes (filter, groupby, merge, pivot)",
275,1,Cientista de Dados,Python & Libraries,"Cria visualizações básicas (scatter, line, bar plots)",,"Cria visualizações básicas (scatter, line, bar plots)",
276,1,Cientista de Dados,Python & Libraries,Usa Jupyter notebooks efetivamente,,Usa Jupyter notebooks efetivamente,
277,1,Cientista de Dados,Python & Libraries,Segue PEP 8 e boas práticas,,Segue PEP 8 e boas práticas,
278,1,Cientista de Dados,SQL & Data,"Proficiente em SQL (SELECT, JOIN, WHERE, GROUP BY)",,"Proficiente em SQL (SELECT, JOIN, WHERE, GROUP BY)",
279,1,Cientista de Dados,SQL & Data,Extrai dados para análises,,Extrai dados para análises,
280,1,Cientista de Dados,SQL & Data,Entende conceitos de sampling,,Entende conceitos de sampling,
281,1,Cientista de Dados,Estatística & Matemática,"Entende estatística descritiva (média, mediana, desvio padrão)",,"Entende **estatística descritiva** (média, mediana, desvio padrão)",
282,1,Cientista de Dados,Estatística & Matemática,Calcula correlações e interpreta,,Calcula **correlações** e interpreta,
283,1,Cientista de Dados,Estatística & Matemática,"Conhece distribuições básicas (normal, binomial)",,"Conhece **distribuições** básicas (normal, binomial)",
284,1,Cientista de Dados,Estatística & Matemática,"Aplica testes de hipótese simples (t-test, chi-square)",,"Aplica **testes de hipótese** simples (t-test, chi-square)",
285,1,Cientista de Dados,Machine Learning Básico,Entende conceitos fundamentais,,Entende conceitos fundamentais:,
286,1,Cientista de Dados,Machine Learning Básico,Treina modelos básicos com scikit-learn,,Treina modelos básicos com scikit-learn:,
287,1,Cientista de Dados,Machine Learning Básico,"Avalia modelos com métricas básicas (accuracy, MSE, R²)",,"Avalia modelos com métricas básicas (accuracy, MSE, R²)",
288,1,Cientista de Dados,Boas Práticas,Documenta análises em notebooks,,Documenta análises em notebooks,
289,1,Cientista de Dados,Boas Práticas,Versionamento de código (git),,Versionamento de código (git),
290,1,Cientista de Dados,Boas Práticas,Comenta código e assumptions,,Comenta código e assumptions,
291,1,Cientista de Dados,Boas Práticas,"Reproduz análises (seeds, random_state)",,"Reproduz análises (seeds, random_state)",
292,2,Cientista de Dados,Entregas Principais,Desenvolve modelos de ML end-to-end independentemente,,Desenvolve modelos de ML end-to-end independentemente,
293,2,Cientista de Dados,Entregas Principais,Projeta e analisa experimentos (A/B tests),,Projeta e analisa experimentos (A/B tests),
294,2,Cientista de Dados,Entregas Principais,Constrói pipelines de ML básicos,,Constrói pipelines de ML básicos,
295,2,Cientista de Dados,Python & Engineering,Fluente,,"**Fluente** em pandas, NumPy, scikit-learn",
296,2,Cientista de Dados,Python & Engineering,"Escreve código modular (functions, classes)",,"Escreve código modular (functions, classes)",
297,2,Cientista de Dados,Python & Engineering,Usa type hints e docstrings,,Usa type hints e docstrings,
298,2,Cientista de Dados,Python & Engineering,Implementa pipelines (sklearn Pipeline),,Implementa pipelines (sklearn Pipeline),
299,2,Cientista de Dados,Python & Engineering,Trabalha com APIs para deploy de modelos,,Trabalha com APIs para deploy de modelos,
300,2,Cientista de Dados,Machine Learning,Domina feature engineering,,Domina **feature engineering**:,
301,2,Cientista de Dados,Machine Learning,Treina modelos avançados,,Treina modelos avançados:,
302,2,Cientista de Dados,Machine Learning,"Faz hyperparameter tuning (GridSearch, RandomSearch)",,"Faz **hyperparameter tuning** (GridSearch, RandomSearch)",
303,2,Cientista de Dados,Machine Learning,Usa cross-validation efetivamente,,Usa **cross-validation** efetivamente,
304,2,Cientista de Dados,Machine Learning,"Lida com class imbalance (SMOTE, class weights)",,"Lida com **class imbalance** (SMOTE, class weights)",
305,2,Cientista de Dados,Model Evaluation,Escolhe métricas apropriadas,,Escolhe métricas apropriadas:,
306,2,Cientista de Dados,Model Evaluation,Analisa confusion matrix,,Analisa **confusion matrix**,
307,2,Cientista de Dados,Model Evaluation,Interpreta feature importance,,Interpreta **feature importance**,
308,2,Cientista de Dados,Model Evaluation,Cria calibration plots,,Cria **calibration plots**,
309,2,Cientista de Dados,Experimentação,Projeta A/B tests básicos,,Projeta **A/B tests** básicos,
310,2,Cientista de Dados,Experimentação,Calcula sample size necessário,,Calcula **sample size** necessário,
311,2,Cientista de Dados,Experimentação,Analisa resultados com testes estatísticos,,Analisa resultados com testes estatísticos,
312,2,Cientista de Dados,Experimentação,Entende statistical significance e power,,Entende **statistical significance** e **power**,
313,2,Cientista de Dados,GenAI & LLMs (Básico),Usa OpenAI API para tasks simples,,Usa **OpenAI API** para tasks simples,
314,2,Cientista de Dados,GenAI & LLMs (Básico),Faz prompt engineering básico,,Faz **prompt engineering** básico,
315,2,Cientista de Dados,GenAI & LLMs (Básico),Entende conceitos de embeddings,,Entende conceitos de **embeddings**,
316,2,Cientista de Dados,GenAI & LLMs (Básico),Implementa semantic search simples,,Implementa **semantic search** simples,
317,3,Cientista de Dados,Entregas Principais,Lidera tecnicamente projetos de ML/IA complexos,,Lidera tecnicamente projetos de ML/IA complexos,
318,3,Cientista de Dados,Entregas Principais,Define estratégia de experimentação,,Define estratégia de experimentação,
319,3,Cientista de Dados,Entregas Principais,Implementa MLOps end-to-end,,Implementa MLOps end-to-end,
320,3,Cientista de Dados,Machine Learning Avançado,Expert em algoritmos e quando usar cada um,,Expert em algoritmos e quando usar cada um,
321,3,Cientista de Dados,Machine Learning Avançado,"Domina ensemble methods (stacking, blending)",,"Domina **ensemble methods** (stacking, blending)",
322,3,Cientista de Dados,Machine Learning Avançado,Implementa custom loss functions,,Implementa **custom loss functions**,
323,3,Cientista de Dados,Machine Learning Avançado,Usa Bayesian optimization para tuning,,Usa **Bayesian optimization** para tuning,
324,3,Cientista de Dados,Machine Learning Avançado,"Trabalha com time series (ARIMA, Prophet, LSTM)",,"Trabalha com **time series** (ARIMA, Prophet, LSTM)",
325,3,Cientista de Dados,Machine Learning Avançado,Implementa recommendation systems,,Implementa **recommendation systems**,
326,3,Cientista de Dados,Machine Learning Avançado,Conhece anomaly detection methods,,Conhece **anomaly detection** methods,
327,3,Cientista de Dados,Deep Learning,Treina redes neurais com PyTorch ou TensorFlow,,Treina redes neurais com **PyTorch** ou **TensorFlow**,
328,3,Cientista de Dados,Deep Learning,Implementa architectures,,Implementa **architectures**:,
329,3,Cientista de Dados,Deep Learning,Usa transfer learning,,Usa **transfer learning**,
330,3,Cientista de Dados,Deep Learning,Faz fine-tuning de modelos pré-treinados,,Faz **fine-tuning** de modelos pré-treinados,
331,3,Cientista de Dados,Deep Learning,"Entende regularization (dropout, batch norm)",,"Entende **regularization** (dropout, batch norm)",
332,3,Cientista de Dados,Deep Learning,Usa learning rate scheduling,,Usa **learning rate scheduling**,
333,3,Cientista de Dados,GenAI & LLMs (Avançado),Implementa RAG (Retrieval Augmented Generation),,Implementa **RAG** (Retrieval Augmented Generation):,
334,3,Cientista de Dados,GenAI & LLMs (Avançado),Usa LangChain ou LlamaIndex efetivamente,,Usa **LangChain** ou **LlamaIndex** efetivamente,
335,3,Cientista de Dados,GenAI & LLMs (Avançado),Faz prompt engineering avançado,,Faz **prompt engineering** avançado:,
336,3,Cientista de Dados,GenAI & LLMs (Avançado),Fine-tunes,,"**Fine-tunes** LLMs (LoRA, QLoRA)",
337,3,Cientista de Dados,GenAI & LLMs (Avançado),Implementa LLM agents,,Implementa **LLM agents**,
338,3,Cientista de Dados,GenAI & LLMs (Avançado),"Avalia LLMs (ROUGE, BLEU, human eval)",,"Avalia LLMs (ROUGE, BLEU, human eval)",
339,3,Cientista de Dados,MLOps & Productionization,Implementa ML pipelines completos,,Implementa **ML pipelines** completos:,
340,3,Cientista de Dados,MLOps & Productionization,Usa MLflow ou Weights & Biases,,Usa **MLflow** ou **Weights & Biases**:,
341,3,Cientista de Dados,MLOps & Productionization,Implementa monitoring de modelos,,Implementa **monitoring** de modelos:,
342,3,Cientista de Dados,MLOps & Productionization,Containeriza modelos (Docker),,Containeriza modelos (**Docker**),
343,3,Cientista de Dados,MLOps & Productionization,Implementa CI/CD para ML,,Implementa **CI/CD** para ML,
344,3,Cientista de Dados,Experimentação Avançada,"Projeta experiments complexos (multi-armed bandits, sequential testing)",,"Projeta **experiments complexos** (multi-armed bandits, sequential testing)",
345,3,Cientista de Dados,Experimentação Avançada,Aplica Bayesian A/B testing,,Aplica **Bayesian A/B testing**,
346,3,Cientista de Dados,Experimentação Avançada,Usa causal inference methods (quando apropriado),,Usa **causal inference** methods (quando apropriado),
347,3,Cientista de Dados,Experimentação Avançada,Implementa bandit algorithms,,Implementa **bandit algorithms**,
348,3,Cientista de Dados,Experimentação Avançada,Analisa network effects e interference,,Analisa **network effects** e **interference**,
349,3,Cientista de Dados,Feature Engineering Avançado,Cria embedding representations,,Cria **embedding representations**,
350,3,Cientista de Dados,Feature Engineering Avançado,Implementa feature stores,,Implementa **feature stores**,
351,3,Cientista de Dados,Feature Engineering Avançado,Usa automated feature engineering (Featuretools),,Usa **automated feature engineering** (Featuretools),
352,3,Cientista de Dados,Feature Engineering Avançado,"Aplica dimensionality reduction (PCA, t-SNE, UMAP)",,"Aplica **dimensionality reduction** (PCA, t-SNE, UMAP)",
353,3,Cientista de Dados,Model Interpretability,Usa SHAP values,,Usa **SHAP** values,
354,3,Cientista de Dados,Model Interpretability,Implementa LIME,,Implementa **LIME**,
355,3,Cientista de Dados,Model Interpretability,Analisa partial dependence plots,,Analisa **partial dependence plots**,
356,3,Cientista de Dados,Model Interpretability,Cria model cards e documentação,,Cria **model cards** e documentação,
357,4,Cientista de Dados,Entregas Principais (SE III+),Define arquitetura de ML/IA de longo prazo,,Define arquitetura de ML/IA de longo prazo,
358,4,Cientista de Dados,Entregas Principais (SE III+),Cria frameworks e plataformas de ML reutilizáveis,,Cria frameworks e plataformas de ML reutilizáveis,
359,4,Cientista de Dados,Entregas Principais (SE III+),Resolve os problemas de ML/IA mais complexos,,Resolve os problemas de ML/IA mais complexos,
360,4,Cientista de Dados,ML Platform & Infrastructure,Desenha ML platform escalável,,Desenha **ML platform** escalável:,
361,4,Cientista de Dados,ML Platform & Infrastructure,Implementa AutoML pipelines,,Implementa **AutoML** pipelines,
362,4,Cientista de Dados,ML Platform & Infrastructure,Cria reusable ML components,,Cria **reusable ML components**,
363,4,Cientista de Dados,Advanced ML Systems,Implementa online learning systems,,Implementa **online learning** systems,
364,4,Cientista de Dados,Advanced ML Systems,Usa reinforcement learning quando apropriado,,Usa **reinforcement learning** quando apropriado,
365,4,Cientista de Dados,Advanced ML Systems,Implementa multi-modal models (text + image + tabular),,Implementa **multi-modal models** (text + image + tabular),
366,4,Cientista de Dados,Advanced ML Systems,Cria ensemble systems complexos,,Cria **ensemble systems** complexos,
367,4,Cientista de Dados,GenAI Systems,Arquiteta LLM applications robustas,,Arquiteta **LLM applications** robustas,
368,4,Cientista de Dados,GenAI Systems,Implementa prompt optimization systems,,Implementa **prompt optimization** systems,
369,4,Cientista de Dados,GenAI Systems,Cria evaluation frameworks para LLMs,,Cria **evaluation frameworks** para LLMs,
370,4,Cientista de Dados,GenAI Systems,Otimiza cost e latency de LLM calls,,Otimiza **cost** e **latency** de LLM calls,
371,4,Cientista de Dados,GenAI Systems,Implementa fallback strategies,,Implementa **fallback strategies**,
372,4,Cientista de Dados,Performance & Scale,Otimiza inference latency (<100ms),,Otimiza **inference latency** (<100ms),
373,4,Cientista de Dados,Performance & Scale,"Implementa model compression (quantization, pruning)",,"Implementa **model compression** (quantization, pruning)",
374,4,Cientista de Dados,Performance & Scale,Usa batch prediction eficientemente,,Usa **batch prediction** eficientemente,
375,4,Cientista de Dados,Performance & Scale,Otimiza custos de compute,,Otimiza custos de compute,
376,4,Cientista de Dados,Expertise Profunda,"Expert em domínio específico (NLP, Computer Vision, Recommender Systems, etc.)",,"Expert em domínio específico (NLP, Computer Vision, Recommender Systems, etc.)",
377,4,Cientista de Dados,Expertise Profunda,"Contribui para open source (libraries, papers)",,"Contribui para open source (libraries, papers)",
378,4,Cientista de Dados,Expertise Profunda,Referência técnica em ML/IA,,Referência técnica em ML/IA,
379,5,Cientista de Dados,Entregas Principais (Lead+),Define estratégia de ML/IA multi-ano,,Define estratégia de ML/IA multi-ano,
380,5,Cientista de Dados,Entregas Principais (Lead+),Influencia práticas de ML de múltiplos times,,Influencia práticas de ML de múltiplos times,
381,5,Cientista de Dados,Entregas Principais (Lead+),Cria capacidades que transformam o negócio,,Cria capacidades que transformam o negócio,
382,5,Cientista de Dados,ML Strategy,Define ML/IA roadmap de 2-3 anos,,Define **ML/IA roadmap** de 2-3 anos,
383,5,Cientista de Dados,ML Strategy,Identifica high-impact ML opportunities,,Identifica **high-impact ML opportunities**,
384,5,Cientista de Dados,ML Strategy,Avalia build vs buy vs API para ML capabilities,,Avalia **build vs buy vs API** para ML capabilities,
385,5,Cientista de Dados,ML Strategy,Alinha ML strategy com objetivos de negócio,,Alinha ML strategy com objetivos de negócio,
386,5,Cientista de Dados,Organizational ML Capabilities,Estabelece MLOps practices organizacionais,,Estabelece **MLOps practices** organizacionais,
387,5,Cientista de Dados,Organizational ML Capabilities,Define ML governance e responsible AI,,Define **ML governance** e **responsible AI**,
388,5,Cientista de Dados,Organizational ML Capabilities,Cria training programs para ML practitioners,,Cria **training programs** para ML practitioners,
389,5,Cientista de Dados,Organizational ML Capabilities,Implementa ML engineering standards,,Implementa **ML engineering standards**,
390,5,Cientista de Dados,Advanced GenAI,Define GenAI strategy para empresa,,Define **GenAI strategy** para empresa,
391,5,Cientista de Dados,Advanced GenAI,"Avalia LLM providers (OpenAI, Anthropic, Cohere)",,"Avalia **LLM providers** (OpenAI, Anthropic, Cohere)",
392,5,Cientista de Dados,Advanced GenAI,"Implementa LLM governance (cost, safety, privacy)",,"Implementa **LLM governance** (cost, safety, privacy)",
393,5,Cientista de Dados,Advanced GenAI,Cria GenAI use case framework,,Cria **GenAI use case framework**,
